{
    "records_scored": 500,
    "accuracy": 0.678,
    "precision": 0.6872427983539094,
    "recall": 0.6626984126984127,
    "f1_score": 0.6747474747474748,
    "roc_auc": 0.6781233998975934
}